Gender,Email,Nat,Title,First_Name,Last_Name,Str_Number,Str_Name,City,State,Country,Postcode,Latitude,Longitude,Time_Zone_Offset,Time_Zone_Discription,DOB,Age,ID_Name,ID_Value
male,florian.pierre@example.com,FR,Mr,Florian,Pierre,6120,Rue de Cuire,Saint-Denis,Haute-Saône,France,70961,39.7481,-140.8681,+3:00,"Baghdad, Riyadh, Moscow, St. Petersburg",1972-01-02T21:51:51.139Z,50,INSEE,1NNaN62534442 13
female,gabriele.rupprecht@example.com,DE,Miss,Gabriele,Rupprecht,80,Gartenstraße,Engen,Rheinland-Pfalz,Germany,84785,-53.4295,25.0700,+6:00,"Almaty, Dhaka, Colombo",1958-03-28T11:51:43.864Z,64,,
male,nikolaj.kristensen@example.com,DK,Mr,Nikolaj,Kristensen,9684,Fuglebakken,Vesterborg,Danmark,Denmark,50799,26.4207,-62.4616,-1:00,"Azores, Cape Verde Islands",1976-11-10T10:11:39.157Z,46,CPR,101176-2823
male,soan.gerard@example.com,FR,Mr,Soan,Gerard,9763,Rue de L'Abbé-Rousselot,Paris,Loiret,France,15892,-19.1324,-25.9382,+5:30,"Bombay, Calcutta, Madras, New Delhi",1988-02-11T13:11:28.042Z,34,INSEE,1NNaN77338784 80
male,lohan.mercier@example.com,FR,Mr,Lohan,Mercier,237,Place du 22 Novembre 1943,Courbevoie,Ille-et-Vilaine,France,96347,71.5391,117.0314,-1:00,"Azores, Cape Verde Islands",1977-06-15T02:25:36.737Z,45,INSEE,1NNaN41554209 41
male,glen.phillips@example.com,GB,Mr,Glen,Phillips,5662,Green Lane,Bradford,Buckinghamshire,United Kingdom,G3G 6NF,-7.2188,166.0440,+5:30,"Bombay, Calcutta, Madras, New Delhi",1979-08-03T18:06:42.819Z,43,NINO,EB 48 78 91 A
male,hans-werner.nordmann@example.com,DE,Mr,Hans-Werner,Nordmann,2290,Fliederweg,Hammelburg,Niedersachsen,Germany,43377,-85.7372,-79.8412,-7:00,Mountain Time (US & Canada),1996-10-24T16:50:52.788Z,26,,
female,andrea.long@example.com,GB,Mrs,Andrea,Long,9759,Queen Street,Kingston upon Hull,Gwynedd County,United Kingdom,PZ3Y 8WR,-20.1520,103.6019,+9:00,"Tokyo, Seoul, Osaka, Sapporo, Yakutsk",1984-11-20T02:15:23.082Z,38,NINO,YH 97 23 15 P
male,rene.jackson@example.com,GB,Mr,Rene,Jackson,5814,York Road,Wells,Gwent,United Kingdom,AD95 1TN,26.8247,76.1890,+5:00,"Ekaterinburg, Islamabad, Karachi, Tashkent",1945-04-09T23:30:30.649Z,77,NINO,TS 58 79 28 X
female,rosie.mills@example.com,GB,Mrs,Rosie,Mills,6785,Chester Road,Birmingham,Clwyd,United Kingdom,G77 9HL,-75.9999,-27.5310,+11:00,"Magadan, Solomon Islands, New Caledonia",1952-11-13T12:44:39.470Z,70,NINO,CK 53 33 53 Y
male,mike.dreher@example.com,DE,Mr,Mike,Dreher,7579,Hauptstraße,Anhalt-Bitterfeld,Baden-Württemberg,Germany,22868,-48.7851,-65.8599,-4:00,"Atlantic Time (Canada), Caracas, La Paz",1997-01-16T07:38:11.782Z,25,,
male,wladimir.kober@example.com,DE,Mr,Wladimir,Kober,6315,Feldstraße,Pirmasens,Brandenburg,Germany,29556,-71.6507,12.3619,0:00,"Western Europe Time, London, Lisbon, Casablanca",1990-12-01T09:50:01.708Z,32,,
female,ava.bates@example.com,GB,Miss,Ava,Bates,2940,York Road,Newcastle upon Tyne,Surrey,United Kingdom,UH8X 7EX,71.5816,89.5400,+5:45,Kathmandu,1990-10-14T10:21:58.425Z,32,NINO,BK 98 65 06 X
male,ingolf.schuldt@example.com,DE,Mr,Ingolf,Schuldt,6733,Feldstraße,Zweibrücken,Rheinland-Pfalz,Germany,88524,82.2976,142.5750,-3:00,"Brazil, Buenos Aires, Georgetown",1998-04-20T08:21:56.900Z,24,,
female,ida.jorgensen@example.com,DK,Ms,Ida,Jørgensen,263,Skovhøj,Viby J.,Hovedstaden,Denmark,69435,67.8954,-43.3418,+5:45,Kathmandu,1982-03-08T05:13:27.653Z,40,CPR,080382-3281
female,astrid.johansen@example.com,DK,Ms,Astrid,Johansen,1290,Hvedemarken,Stenderup,Nordjylland,Denmark,63882,-60.5094,-109.9235,-3:30,Newfoundland,1945-08-21T13:25:50.825Z,77,CPR,210845-2754
male,kasper.larsen@example.com,DK,Mr,Kasper,Larsen,8280,Kratvej,Øster Assels,Sjælland,Denmark,39555,70.8493,101.8691,-4:00,"Atlantic Time (Canada), Caracas, La Paz",1966-05-18T14:33:53.726Z,56,CPR,180566-3875
male,jacob.craig@example.com,GB,Mr,Jacob,Craig,3260,Manchester Road,Stirling,West Glamorgan,United Kingdom,G4 9QY,-71.0946,-8.4665,+5:45,Kathmandu,1974-02-20T23:03:54.237Z,48,NINO,WK 15 88 29 M
male,lucas.jorgensen@example.com,DK,Mr,Lucas,Jørgensen,1404,Pilevænget,København Ø,Sjælland,Denmark,48416,-86.9025,33.4269,+7:00,"Bangkok, Hanoi, Jakarta",1996-06-08T22:27:16.182Z,26,CPR,080696-6284
male,berndt.mosch@example.com,DE,Mr,Berndt,Mosch,1691,Birkenstraße,Drolshagen,Rheinland-Pfalz,Germany,43458,14.3192,174.7495,-7:00,Mountain Time (US & Canada),1982-06-10T21:47:35.768Z,40,,
male,thomas.dubois@example.com,FR,Mr,Thomas,Dubois,1139,Place de L'Abbé-Basset,Nîmes,Mayenne,France,98276,33.0709,-101.9854,0:00,"Western Europe Time, London, Lisbon, Casablanca",1996-08-11T07:26:40.567Z,26,INSEE,1NNaN87364306 36
female,laly.roussel@example.com,FR,Mrs,Laly,Roussel,1444,Place de la Mairie,Caen,Cher,France,23504,66.9636,11.2906,+3:30,Tehran,1971-10-21T00:23:25.396Z,51,INSEE,2NNaN64226621 93
male,dwayne.russell@example.com,GB,Mr,Dwayne,Russell,9301,Alexander Road,Salisbury,Cleveland,United Kingdom,F8R 3TW,-71.1750,-55.2091,+7:00,"Bangkok, Hanoi, Jakarta",1967-11-11T02:19:32.798Z,55,NINO,YS 77 36 73 J
female,mia.garrett@example.com,GB,Ms,Mia,Garrett,1577,New Road,Truro,North Yorkshire,United Kingdom,VN64 9ZG,-55.2081,133.5350,+4:00,"Abu Dhabi, Muscat, Baku, Tbilisi",1969-12-21T18:46:24.726Z,53,NINO,RA 53 30 03 U
male,david.philippe@example.com,FR,Mr,David,Philippe,3732,Rue Paul-Duvivier,Courbevoie,Pas-de-Calais,France,21350,39.9849,114.8193,+1:00,"Brussels, Copenhagen, Madrid, Paris",1996-12-03T21:22:06.272Z,26,INSEE,1NNaN74947681 06
female,katie.ramirez@example.com,GB,Mrs,Katie,Ramirez,8830,King Street,Ely,West Glamorgan,United Kingdom,OL08 5PE,46.3613,-170.5410,+1:00,"Brussels, Copenhagen, Madrid, Paris",1971-08-22T23:30:09.992Z,51,NINO,GG 64 64 42 O
female,elizabeth.oliver@example.com,GB,Mrs,Elizabeth,Oliver,5348,Stanley Road,Stirling,County Antrim,United Kingdom,IT4 5PU,10.1668,-30.1177,-10:00,Hawaii,1946-05-22T11:25:46.871Z,76,NINO,EH 28 87 97 V
male,gustav.poulsen@example.com,DK,Mr,Gustav,Poulsen,4219,Storegade,Fredeikssund,Sjælland,Denmark,26252,6.1385,-109.6742,-7:00,Mountain Time (US & Canada),1945-10-13T11:10:50.350Z,77,CPR,131045-9942
male,fabio.duval@example.com,FR,Mr,Fabio,Duval,6822,Avenue Joliot Curie,Orléans,Dordogne,France,47518,23.2634,85.1163,-8:00,Pacific Time (US & Canada),1960-07-25T10:57:13.817Z,62,INSEE,1NNaN07658289 15
female,malou.olsen@example.com,DK,Mrs,Malou,Olsen,5098,Østermarksvej,Nørre Sundby,Danmark,Denmark,44717,70.2130,-101.3415,0:00,"Western Europe Time, London, Lisbon, Casablanca",1965-10-04T09:44:26.990Z,57,CPR,041065-6132
male,jonas.colin@example.com,FR,Mr,Jonas,Colin,9351,Place des 44 Enfants D'Izieu,Aix-En-Provence,Val-de-Marne,France,61097,-43.0719,-0.6136,-1:00,"Azores, Cape Verde Islands",1996-05-22T01:40:08.332Z,26,INSEE,1NNaN41418642 60
male,ullrich.brix@example.com,DE,Mr,Ullrich,Brix,3226,Birkenweg,Erbach,Bayern,Germany,94588,41.8182,-49.8993,+10:00,"Eastern Australia, Guam, Vladivostok",1993-10-23T23:51:47.769Z,29,,
female,victoria.soto@example.com,GB,Mrs,Victoria,Soto,9354,Main Street,Kingston upon Hull,West Yorkshire,United Kingdom,HO0G 9TP,-88.8791,26.4035,+4:30,Kabul,1980-04-03T07:08:43.244Z,42,NINO,XP 96 79 87 M
male,adam.poulsen@example.com,DK,Mr,Adam,Poulsen,846,Sandbjergvej,Nykøbing Sj.,Sjælland,Denmark,59090,-53.3197,62.7812,+2:00,"Kaliningrad, South Africa",1994-05-19T10:56:00.703Z,28,CPR,190594-1264
male,pierre.salomon@example.com,DE,Mr,Pierre,Salomon,9045,Schulweg,Baumholder,Niedersachsen,Germany,42213,-62.8344,121.8586,+5:30,"Bombay, Calcutta, Madras, New Delhi",1993-04-28T05:48:37.291Z,29,,
male,chris.torres@example.com,GB,Mr,Chris,Torres,150,Grove Road,Worcester,Grampian,United Kingdom,S5I 7RN,44.9427,43.4302,0:00,"Western Europe Time, London, Lisbon, Casablanca",1969-04-18T10:33:55.875Z,53,NINO,HJ 90 87 48 T
female,sigrid.welz@example.com,DE,Miss,Sigrid,Welz,1699,Finkenweg,Nördlingen,Thüringen,Germany,58462,-63.1554,-72.7962,-4:00,"Atlantic Time (Canada), Caracas, La Paz",1994-02-14T01:03:07.975Z,28,,
female,melody.gaillard@example.com,FR,Ms,Mélody,Gaillard,3073,Rue Saint-Georges,Poitiers,Oise,France,72227,-6.4609,-81.4832,+4:30,Kabul,1990-10-24T02:00:32.134Z,32,INSEE,2NNaN14683424 86
female,mia.rodriguez@example.com,FR,Miss,Mia,Rodriguez,2698,Rue Baraban,Strasbourg,Hautes-Pyrénées,France,52455,-46.4908,73.1931,+11:00,"Magadan, Solomon Islands, New Caledonia",1958-06-17T18:46:31.010Z,64,INSEE,2NNaN01371923 41
female,marie-luise.neubauer@example.com,DE,Miss,Marie-Luise,Neubauer,1102,Gartenstraße,Nossen,Nordrhein-Westfalen,Germany,63920,57.7434,12.3834,+6:00,"Almaty, Dhaka, Colombo",1950-12-11T00:36:11.272Z,72,,
female,rebecca.gomez@example.com,GB,Miss,Rebecca,Gomez,8246,Park Lane,Newry,County Fermanagh,United Kingdom,L4 2QF,-27.4106,150.0943,+7:00,"Bangkok, Hanoi, Jakarta",1998-07-15T15:07:33.075Z,24,NINO,MC 29 62 39 U
male,alfred.moller@example.com,DK,Mr,Alfred,Møller,5049,Lindevænget,København V,Midtjylland,Denmark,42989,15.4430,-3.7381,-4:00,"Atlantic Time (Canada), Caracas, La Paz",1966-05-06T02:11:44.663Z,56,CPR,060566-4649
female,sieglinde.dickmann@example.com,DE,Ms,Sieglinde,Dickmann,1168,Finkenweg,Osterfeld,Thüringen,Germany,12737,-34.9332,-177.1406,+3:00,"Baghdad, Riyadh, Moscow, St. Petersburg",1947-12-06T19:40:47.532Z,75,,
male,bastien.gerard@example.com,FR,Mr,Bastien,Gerard,3941,Rue des Cuirassiers,Aulnay-sous-Bois,Essonne,France,30720,8.5203,107.7682,+5:30,"Bombay, Calcutta, Madras, New Delhi",1990-01-29T16:09:34.455Z,32,INSEE,1NNaN64584257 57
male,immo.volker@example.com,DE,Mr,Immo,Völker,1199,Burgstraße,Parchim,Sachsen-Anhalt,Germany,72499,74.6696,155.5801,+8:00,"Beijing, Perth, Singapore, Hong Kong",1976-08-23T21:43:30.913Z,46,,
male,guillaume.fournier@example.com,FR,Mr,Guillaume,Fournier,2802,Rue Dubois,Courbevoie,Eure-et-Loir,France,23042,-2.8695,-136.8981,+4:00,"Abu Dhabi, Muscat, Baku, Tbilisi",1987-05-20T07:24:36.962Z,35,INSEE,1NNaN60876681 80
female,cassandre.lefevre@example.com,FR,Ms,Cassandre,Lefevre,8260,Rue Paul Bert,Dijon,Meuse,France,18831,-1.4886,50.4137,-11:00,"Midway Island, Samoa",1992-01-06T00:28:28.982Z,30,INSEE,2NNaN18007848 52
female,malou.kristensen@example.com,DK,Mrs,Malou,Kristensen,5508,Grantofteparken,Ølstykke,Danmark,Denmark,47808,-6.3284,-3.1295,-6:00,"Central Time (US & Canada), Mexico City",1991-03-13T11:42:03.635Z,31,CPR,130391-1425
male,robin.rolland@example.com,FR,Mr,Robin,Rolland,4467,Place de L'Église,Angers,Nord,France,40618,-54.0441,-140.1759,+4:00,"Abu Dhabi, Muscat, Baku, Tbilisi",1947-10-25T12:25:50.258Z,75,INSEE,1NNaN35269732 34
male,gunther.sailer@example.com,DE,Mr,Günther,Sailer,7987,Waldweg,Jülich,Berlin,Germany,33282,70.2279,25.1598,-7:00,Mountain Time (US & Canada),1962-05-11T04:51:34.695Z,60,,
female,frida.hansen@example.com,DK,Miss,Frida,Hansen,5681,Kingosvej,Støvring ,Danmark,Denmark,87237,3.3935,-123.4317,+4:00,"Abu Dhabi, Muscat, Baku, Tbilisi",1974-08-21T20:18:47.240Z,48,CPR,210874-0888
male,ehrhard.klar@example.com,DE,Mr,Ehrhard,Klar,3156,Feldstraße,Bad Krozingen,Bayern,Germany,18109,-77.7752,92.1193,-2:00,Mid-Atlantic,1984-06-27T03:34:40.411Z,38,,
female,ella.mason@example.com,GB,Mrs,Ella,Mason,9198,Queen Street,Swansea,Northamptonshire,United Kingdom,BT3 9UH,26.7375,-66.9887,+4:30,Kabul,1993-02-15T21:29:10.951Z,29,NINO,EC 08 15 78 G
male,mylan.joly@example.com,FR,Mr,Mylan,Joly,5936,Rue de L'Église,Le Mans,Val-D'Oise,France,78077,-76.2921,-39.4598,-5:00,"Eastern Time (US & Canada), Bogota, Lima",1950-05-13T11:04:29.287Z,72,INSEE,1NNaN14058823 61
female,hiltraud.schlemmer@example.com,DE,Mrs,Hiltraud,Schlemmer,5909,Ringstraße,Neusalza-Spremberg,Rheinland-Pfalz,Germany,18593,-26.7486,-58.4031,-10:00,Hawaii,1992-03-04T07:11:38.704Z,30,,
male,luka.aubert@example.com,FR,Mr,Luka,Aubert,7368,Rue du 8 Mai 1945,Clermont-Ferrand,Cantal,France,78503,47.4514,-130.3165,+7:00,"Bangkok, Hanoi, Jakarta",1991-01-24T07:56:41.959Z,31,INSEE,1NNaN75956870 27
male,emil.sorensen@example.com,DK,Mr,Emil,Sørensen,7529,Primulavej,Askeby,Nordjylland,Denmark,36920,25.5682,156.7550,-9:00,Alaska,1990-08-09T03:58:47.927Z,32,CPR,090890-2357
male,nicklas.jensen@example.com,DK,Mr,Nicklas,Jensen,7422,Vestre Alle,Juelsminde,Sjælland,Denmark,81509,-11.5066,118.0817,+4:30,Kabul,1956-10-28T17:56:14.567Z,66,CPR,281056-9674
female,allie.ferguson@example.com,GB,Miss,Allie,Ferguson,5575,West Street,Leeds,Worcestershire,United Kingdom,Z0 3EF,48.1821,128.0634,+3:30,Tehran,1970-08-24T18:01:08.619Z,52,NINO,YM 55 89 35 H
male,johan.andersen@example.com,DK,Mr,Johan,Andersen,7316,Fælledvej,Esbjerg V,Syddanmark,Denmark,27160,-50.6429,90.4855,-10:00,Hawaii,1991-02-26T01:00:20.824Z,31,CPR,260291-5845
male,victor.kristensen@example.com,DK,Mr,Victor,Kristensen,527,Bogensevej,Overby Lyng,Syddanmark,Denmark,27812,-46.3925,-6.9895,-8:00,Pacific Time (US & Canada),1972-10-03T02:23:38.935Z,50,CPR,031072-3564
female,margot.lemoine@example.com,FR,Mrs,Margot,Lemoine,8845,Place Paul-Duquaire,Vitry-sur-Seine,Aude,France,71183,-78.9431,-121.9788,-10:00,Hawaii,1955-11-11T19:18:13.724Z,67,INSEE,2NNaN60942754 01
male,eliot.moulin@example.com,FR,Mr,Eliot,Moulin,5370,Rue du Stade,Limoges,Bas-Rhin,France,17863,6.0320,-58.0372,-2:00,Mid-Atlantic,1953-02-13T15:04:36.116Z,69,INSEE,1NNaN17271980 61
male,frederik.larsen@example.com,DK,Mr,Frederik,Larsen,5393,Glentevej,Skaerbaek,Hovedstaden,Denmark,36442,43.3512,50.1810,+2:00,"Kaliningrad, South Africa",1995-10-18T11:19:20.227Z,27,CPR,181095-4052
male,maxime.giraud@example.com,FR,Mr,Maxime,Giraud,8497,Rue Abel-Hovelacque,Pau,Aisne,France,32897,8.4085,-102.8943,+3:30,Tehran,1955-02-26T12:59:12.590Z,67,INSEE,1NNaN25935153 86
female,julie.johansen@example.com,DK,Miss,Julie,Johansen,9041,Storegade,Sønder Stenderup,Hovedstaden,Denmark,43873,42.1779,68.9096,+10:00,"Eastern Australia, Guam, Vladivostok",1971-09-08T18:01:47.495Z,51,CPR,080971-0268
male,harry.koller@example.com,DE,Mr,Harry,Koller,876,Mühlweg,Staßfurt,Niedersachsen,Germany,70391,-70.0850,-110.3362,+6:00,"Almaty, Dhaka, Colombo",1946-10-06T18:44:51.958Z,76,,
female,ingeborg.held@example.com,DE,Mrs,Ingeborg,Held,3968,Kirchgasse,Schlüchtern,Niedersachsen,Germany,66369,-47.9288,-88.1007,+8:00,"Beijing, Perth, Singapore, Hong Kong",1998-02-03T06:52:52.146Z,24,,
male,mike.arnold@example.com,GB,Mr,Mike,Arnold,4271,Grove Road,Newcastle upon Tyne,Tyne and Wear,United Kingdom,L7 9EF,32.5296,41.5086,-5:00,"Eastern Time (US & Canada), Bogota, Lima",1947-06-09T06:54:15.441Z,75,NINO,MB 80 53 18 K
male,jesus.mitchelle@example.com,GB,Mr,Jesus,Mitchelle,134,New Road,Portsmouth,County Armagh,United Kingdom,M1K 8YP,-32.7877,45.3652,+5:30,"Bombay, Calcutta, Madras, New Delhi",1970-01-07T09:26:43.973Z,52,NINO,GJ 28 28 12 N
female,kayla.edwards@example.com,GB,Miss,Kayla,Edwards,2371,Queens Road,Leicester,North Yorkshire,United Kingdom,UL64 0SS,-69.8079,-151.0817,+5:30,"Bombay, Calcutta, Madras, New Delhi",1972-11-07T06:46:32.037Z,50,NINO,ZN 01 31 29 Y
female,danielle.heumann@example.com,DE,Mrs,Danielle,Heumann,7091,Gartenweg,Straubing,Bayern,Germany,50773,-4.9743,-32.5852,+11:00,"Magadan, Solomon Islands, New Caledonia",1987-11-10T03:37:45.790Z,35,,
female,freja.johansen@example.com,DK,Mrs,Freja,Johansen,4729,Hadsundvej,V.Skerninge,Hovedstaden,Denmark,62195,-24.0207,178.7937,-5:00,"Eastern Time (US & Canada), Bogota, Lima",1977-10-17T19:16:25.007Z,45,CPR,171077-5244
male,joey.harris@example.com,GB,Mr,Joey,Harris,819,Grove Road,Leicester,Berkshire,United Kingdom,WB6 7FA,24.9380,-21.7030,+2:00,"Kaliningrad, South Africa",1974-05-22T23:55:00.435Z,48,NINO,MG 00 36 52 C
female,alexia.carpentier@example.com,FR,Miss,Alexia,Carpentier,6951,Rue de la Mairie,Lille,Côte-D'Or,France,76951,-3.1096,-36.7905,-7:00,Mountain Time (US & Canada),1994-05-13T03:50:19.290Z,28,INSEE,2NNaN11892888 55
male,timm.hipp@example.com,DE,Mr,Timm,Hipp,8954,Mittelstraße,Kulmbach,Sachsen-Anhalt,Germany,19128,-22.6833,132.2778,+5:45,Kathmandu,1971-10-03T17:15:55.824Z,51,,
male,bartholomaus.eichinger@example.com,DE,Mr,Bartholomäus,Eichinger,606,Tannenweg,Schmölln,Mecklenburg-Vorpommern,Germany,82909,-46.8249,-134.5648,-12:00,"Eniwetok, Kwajalein",1964-06-23T15:59:34.432Z,58,,
male,arthur.parker@example.com,GB,Mr,Arthur,Parker,5041,Windsor Road,Newry,Cornwall,United Kingdom,OF26 3PJ,70.0886,178.7881,+1:00,"Brussels, Copenhagen, Madrid, Paris",1994-07-13T04:52:12.121Z,28,NINO,EP 68 60 51 C
male,hans-josef.diekmann@example.com,DE,Mr,Hans-Josef,Diekmann,9864,Waldweg,Seelze,Baden-Württemberg,Germany,65355,-54.5438,127.9172,+3:00,"Baghdad, Riyadh, Moscow, St. Petersburg",1974-01-02T18:33:41.028Z,48,,
female,emily.matthews@example.com,GB,Ms,Emily,Matthews,1892,Mill Lane,Gloucester,Northamptonshire,United Kingdom,Y6 2UD,55.7292,-157.5224,-3:00,"Brazil, Buenos Aires, Georgetown",1980-04-23T19:06:23.190Z,42,NINO,AA 44 45 47 B
male,hector.leclerc@example.com,FR,Mr,Hector,Leclerc,6832,Cours Charlemagne,Montreuil,Lot-et-Garonne,France,41902,-49.6426,-168.8942,+5:45,Kathmandu,1953-07-25T17:33:56.050Z,69,INSEE,1NNaN17881730 81
female,susan.elliott@example.com,GB,Miss,Susan,Elliott,5654,Springfield Road,Lisburn,Bedfordshire,United Kingdom,K7U 8SD,-27.2212,107.4491,-3:00,"Brazil, Buenos Aires, Georgetown",1969-05-12T06:53:35.442Z,53,NINO,MP 23 05 13 T
female,brittany.sullivan@example.com,GB,Ms,Brittany,Sullivan,1417,Station Road,Sunderland,Hampshire,United Kingdom,JT1R 7ZW,19.2224,-19.1928,-3:00,"Brazil, Buenos Aires, Georgetown",1966-07-06T02:20:29.252Z,56,NINO,WP 17 72 78 T
female,clara.thomsen@example.com,DK,Miss,Clara,Thomsen,3402,Løgstørvej,Rødvig Stevns,Sjælland,Denmark,15742,15.9502,-171.4814,+3:00,"Baghdad, Riyadh, Moscow, St. Petersburg",1966-09-02T07:20:17.780Z,56,CPR,020966-0618
male,evan.dunn@example.com,GB,Mr,Evan,Dunn,9809,Church Lane,Kingston upon Hull,Cambridgeshire,United Kingdom,RN4U 4FX,56.8422,55.2071,+11:00,"Magadan, Solomon Islands, New Caledonia",1973-05-10T01:34:39.013Z,49,NINO,ON 07 81 60 R
male,grzegorz.brunke@example.com,DE,Mr,Grzegorz,Brunke,8561,Im Winkel,Mühlheim an der Donau,Rheinland-Pfalz,Germany,49810,59.4819,-143.5989,-1:00,"Azores, Cape Verde Islands",1974-10-05T10:34:13.306Z,48,,
female,anna.petersen@example.com,DK,Miss,Anna,Petersen,2305,Solbærvej,Aarhus,Hovedstaden,Denmark,73554,-5.2176,-171.0493,-10:00,Hawaii,1966-08-16T21:21:22.983Z,56,CPR,160866-9940
female,abby.holland@example.com,GB,Ms,Abby,Holland,6351,The Grove,Truro,Mid Glamorgan,United Kingdom,A25 6SY,-71.9013,74.5829,+1:00,"Brussels, Copenhagen, Madrid, Paris",1954-07-18T15:19:49.959Z,68,NINO,ZX 35 94 67 T
female,eva.sanchez@example.com,GB,Ms,Eva,Sanchez,1316,The Crescent,Stevenage,Dorset,United Kingdom,U9 6RP,58.2665,-40.5393,+5:00,"Ekaterinburg, Islamabad, Karachi, Tashkent",1950-01-04T04:40:28.106Z,72,NINO,LT 62 24 76 W
male,nicklas.christiansen@example.com,DK,Mr,Nicklas,Christiansen,3892,Kløvervænget,Ishoej,Sjælland,Denmark,32444,-36.2536,-11.3670,+10:00,"Eastern Australia, Guam, Vladivostok",1977-07-09T05:02:47.892Z,45,CPR,090777-1231
female,julie.johansen@example.com,DK,Mrs,Julie,Johansen,604,Bjergvej,Lundby,Midtjylland,Denmark,57201,-6.6156,-84.7611,0:00,"Western Europe Time, London, Lisbon, Casablanca",1949-08-28T23:28:49.220Z,73,CPR,280849-1075
female,leane.marchand@example.com,FR,Miss,Léane,Marchand,8712,Rue du Stade,Mulhouse,Guyane,France,45691,79.2299,27.8028,-3:30,Newfoundland,1949-06-03T07:51:32.332Z,73,INSEE,2NNaN40088141 87
female,sara.grant@example.com,GB,Ms,Sara,Grant,7314,Park Avenue,Belfast,Lancashire,United Kingdom,Z51 4RA,74.6601,146.2931,+7:00,"Bangkok, Hanoi, Jakarta",1966-07-17T10:55:49.008Z,56,NINO,CA 69 83 84 P
female,beatrice.marx@example.com,DE,Miss,Beatrice,Marx,9821,Römerstraße,Groß-Gerau,Bremen,Germany,84250,46.6682,-87.1508,+5:00,"Ekaterinburg, Islamabad, Karachi, Tashkent",1977-08-04T19:04:49.955Z,45,,
male,karlfried.grams@example.com,DE,Mr,Karlfried,Grams,4097,Lerchenweg,Bergisch Gladbach,Hessen,Germany,67029,-72.6824,-111.9923,+5:00,"Ekaterinburg, Islamabad, Karachi, Tashkent",1955-05-07T22:42:19.439Z,67,,
female,mechthilde.pickel@example.com,DE,Ms,Mechthilde,Pickel,4782,Schillerstraße,Emmelshausen,Baden-Württemberg,Germany,29977,-80.0490,-15.9915,-6:00,"Central Time (US & Canada), Mexico City",1960-10-27T23:27:23.283Z,62,,
female,sarah.fleming@example.com,GB,Miss,Sarah,Fleming,3451,Grove Road,Exeter,Highlands and Islands,United Kingdom,Y0V 4FT,52.6484,106.0388,-10:00,Hawaii,1958-07-22T00:02:14.319Z,64,NINO,HT 53 58 44 S
male,alexander.petersen@example.com,DK,Mr,Alexander,Petersen,8731,Hvidovrevej,Samsø,Hovedstaden,Denmark,16609,87.6514,36.8870,+11:00,"Magadan, Solomon Islands, New Caledonia",1976-09-25T20:42:07.527Z,46,CPR,250976-7847
female,barb.williamson@example.com,GB,Ms,Barb,Williamson,2155,The Avenue,Durham,Highlands and Islands,United Kingdom,B46 6AE,-21.1959,-39.0134,+5:30,"Bombay, Calcutta, Madras, New Delhi",1976-12-11T22:44:37.750Z,46,NINO,GX 93 40 14 V
female,brigitta.wichmann@example.com,DE,Miss,Brigitta,Wichmann,8821,Hauptstraße,Elstra,Rheinland-Pfalz,Germany,56678,78.6041,-13.6654,-3:30,Newfoundland,1995-03-22T19:59:03.728Z,27,,
male,joshua.hayes@example.com,GB,Mr,Joshua,Hayes,1272,South Street,Londonderry,Nottinghamshire,United Kingdom,CG47 6XH,-39.7656,-134.4423,+5:30,"Bombay, Calcutta, Madras, New Delhi",1948-06-12T17:53:51.905Z,74,NINO,SZ 56 80 44 K
male,dogan.kolb@example.com,DE,Mr,Dogan,Kolb,8872,Poststraße,Wasungen,Baden-Württemberg,Germany,93884,82.7646,-48.5690,+3:30,Tehran,1971-03-30T18:23:15.173Z,51,,
male,thorsten.klasen@example.com,DE,Mr,Thorsten,Klasen,9669,Am Sportplatz,Hennef (Sieg),Berlin,Germany,58127,-13.7743,144.7339,+9:00,"Tokyo, Seoul, Osaka, Sapporo, Yakutsk",1962-02-05T02:48:45.903Z,60,,
female,nanna.poulsen@example.com,DK,Miss,Nanna,Poulsen,5832,Nygade,Gjerlev,Syddanmark,Denmark,14374,-52.6953,131.1211,+11:00,"Magadan, Solomon Islands, New Caledonia",1946-12-26T10:32:09.354Z,76,CPR,261246-8860
male,karl-georg.grothe@example.com,DE,Mr,Karl-Georg,Grothe,527,Fasanenweg,Schmölln,Bayern,Germany,62778,41.0089,-46.0307,-3:00,"Brazil, Buenos Aires, Georgetown",1948-09-05T11:03:33.440Z,74,,
female,lea.hansen@example.com,DK,Mrs,Lea,Hansen,7935,Frederiksgade,Brøndby Strand,Syddanmark,Denmark,12053,-73.8491,79.5320,-12:00,"Eniwetok, Kwajalein",1973-03-26T09:57:46.639Z,49,CPR,260373-3922
female,kelly.grant@example.com,GB,Miss,Kelly,Grant,2387,Queensway,Salford,Hertfordshire,United Kingdom,NB7 9TU,-14.9935,130.7972,+11:00,"Magadan, Solomon Islands, New Caledonia",1956-11-05T03:49:38.511Z,66,NINO,ZN 75 90 00 Q
female,pauline.lucas@example.com,FR,Ms,Pauline,Lucas,9775,Rue Jean-Baldassini,Nîmes,Haute-Savoie,France,60567,62.9587,-47.5382,-2:00,Mid-Atlantic,1966-08-11T08:00:02.220Z,56,INSEE,2NNaN23991678 15
male,andy.stoll@example.com,DE,Mr,Andy,Stoll,3943,Mühlenweg,Kirchhain,Bremen,Germany,32564,0.6615,-57.7292,+4:00,"Abu Dhabi, Muscat, Baku, Tbilisi",1961-12-15T18:23:38.305Z,61,,
male,milan.francois@example.com,FR,Mr,Milan,Francois,7119,Rue Bataille,Nancy,Bouches-du-Rhône,France,26170,-83.7099,-139.5886,-2:00,Mid-Atlantic,1944-09-23T20:39:27.978Z,78,INSEE,1NNaN35595850 33
female,clara.larsen@example.com,DK,Mrs,Clara,Larsen,7947,Tolstrupvej,Sundby/Erslev,Sjælland,Denmark,45790,38.5742,120.3895,+7:00,"Bangkok, Hanoi, Jakarta",1953-02-28T05:08:20.541Z,69,CPR,280253-3951
male,teo.renaud@example.com,FR,Mr,Téo,Renaud,4422,Rue du Stade,Rueil-Malmaison,Bouches-du-Rhône,France,88821,-39.1341,-97.8054,+3:30,Tehran,1991-08-15T23:00:16.299Z,31,INSEE,1NNaN29359066 34
female,laura.larsen@example.com,DK,Mrs,Laura,Larsen,827,Pilevej,Gørløse,Danmark,Denmark,21512,-64.9569,-82.1855,-8:00,Pacific Time (US & Canada),1963-05-30T01:01:46.389Z,59,CPR,300563-9377
female,ayse.polzin@example.com,DE,Mrs,Ayse,Polzin,1728,Breslauer Straße,Dietfurt an der Altmühl,Bayern,Germany,90214,63.4329,-126.8260,+9:30,"Adelaide, Darwin",1952-09-18T21:50:43.565Z,70,,
female,alison.mcdonalid@example.com,GB,Ms,Alison,Mcdonalid,7714,Mill Road,Aberdeen,Bedfordshire,United Kingdom,UW5I 4JT,-62.1553,-66.7154,-6:00,"Central Time (US & Canada), Mexico City",1990-07-03T00:31:24.675Z,32,NINO,ZX 10 85 69 F
male,gabe.bailey@example.com,GB,Mr,Gabe,Bailey,5992,Queens Road,Truro,Borders,United Kingdom,V6S 2RA,40.4683,-175.1909,-8:00,Pacific Time (US & Canada),1967-07-02T04:09:59.598Z,55,NINO,PG 90 36 02 H
female,debbie.obrien@example.com,GB,Miss,Debbie,Obrien,2487,Rectory Lane,Liverpool,Avon,United Kingdom,CZ6 9AB,20.3730,100.9122,+5:45,Kathmandu,1945-01-30T14:17:46.823Z,77,NINO,XA 44 70 80 F
female,heloise.schmitt@example.com,FR,Ms,Héloïse,Schmitt,6224,Avenue Debrousse,Courbevoie,Haute-Garonne,France,45937,86.6547,-98.0281,+7:00,"Bangkok, Hanoi, Jakarta",1968-11-14T14:45:46.007Z,54,INSEE,2NNaN98606273 24
male,hans-dieter.katz@example.com,DE,Mr,Hans-Dieter,Katz,4924,Birkenweg,Harzgerode,Hessen,Germany,69628,3.8347,-127.0512,-9:00,Alaska,1950-12-22T07:19:45.821Z,72,,
male,nathan.stanley@example.com,GB,Mr,Nathan,Stanley,459,London Road,Wolverhampton,Hertfordshire,United Kingdom,HR8B 2QH,32.8611,70.2852,-5:00,"Eastern Time (US & Canada), Bogota, Lima",1997-12-04T16:00:46.796Z,25,NINO,EX 68 46 23 E
male,timothe.martinez@example.com,FR,Mr,Timothe,Martinez,6945,Rue Paul-Duvivier,Roubaix,Jura,France,28277,61.9552,-151.1979,-3:00,"Brazil, Buenos Aires, Georgetown",1945-12-25T09:25:18.877Z,77,INSEE,1NNaN74337101 37
female,olivia.olsen@example.com,DK,Mrs,Olivia,Olsen,501,Gormsvej,Bælum,Danmark,Denmark,42790,-89.7552,-87.8559,+8:00,"Beijing, Perth, Singapore, Hong Kong",1988-11-15T15:22:41.361Z,34,CPR,151188-0983
male,siegward.brix@example.com,DE,Mr,Siegward,Brix,2964,Schulstraße,Barnim,Thüringen,Germany,32372,13.9010,-33.1768,-6:00,"Central Time (US & Canada), Mexico City",1959-11-06T10:31:44.776Z,63,,
female,morgane.francois@example.com,FR,Miss,Morgane,Francois,732,Rue de L'Abbaye,Colombes,Morbihan,France,85593,71.3658,-175.3994,+4:30,Kabul,1946-06-21T10:53:45.099Z,76,INSEE,2NNaN61215466 51
female,emmie.lucas@example.com,FR,Mrs,Emmie,Lucas,8846,Rue du 8 Mai 1945,Besançon,Savoie,France,75048,-76.4882,26.7040,-3:30,Newfoundland,1949-09-08T19:08:55.451Z,73,INSEE,2NNaN83215010 57
male,gustav.poulsen@example.com,DK,Mr,Gustav,Poulsen,1947,Enghavevej,Brøndby Strand,Midtjylland,Denmark,50438,-65.1395,-102.9342,-4:00,"Atlantic Time (Canada), Caracas, La Paz",1965-12-29T22:51:03.832Z,57,CPR,291265-3269
male,romeo.joly@example.com,FR,Mr,Roméo,Joly,7647,Rue de Bonnel,Nancy,Haute-Savoie,France,76445,-54.0577,-38.0681,+10:00,"Eastern Australia, Guam, Vladivostok",1965-11-23T02:22:01.085Z,57,INSEE,1NNaN23508912 80
male,nicklas.nielsen@example.com,DK,Mr,Nicklas,Nielsen,4627,Markvænget,Gørløse,Danmark,Denmark,89292,-6.0259,-103.9038,+8:00,"Beijing, Perth, Singapore, Hong Kong",1957-01-17T11:53:48.146Z,65,CPR,170157-5189
female,sharon.king@example.com,GB,Ms,Sharon,King,612,The Crescent,Belfast,West Yorkshire,United Kingdom,KU83 2TE,75.6431,100.6245,0:00,"Western Europe Time, London, Lisbon, Casablanca",1948-03-18T22:35:01.214Z,74,NINO,SJ 22 84 90 H
male,tobias.rasmussen@example.com,DK,Mr,Tobias,Rasmussen,9077,Røllikevej,Nr Åby,Midtjylland,Denmark,60443,-22.1726,-104.4912,-1:00,"Azores, Cape Verde Islands",1984-08-07T05:15:50.156Z,38,CPR,070884-6614
female,fanny.blanchard@example.com,FR,Ms,Fanny,Blanchard,7382,Rue du 8 Mai 1945,Rouen,Pas-de-Calais,France,50998,-40.2745,38.0139,-2:00,Mid-Atlantic,1985-11-26T13:49:51.419Z,37,INSEE,2NNaN24883409 71
male,arthur.loibl@example.com,DE,Mr,Arthur,Loibl,1557,Buchenweg,Leer,Bremen,Germany,45397,-52.3368,-46.8478,-10:00,Hawaii,1957-04-24T06:31:07.431Z,65,,
male,rich.martinez@example.com,GB,Mr,Rich,Martinez,6214,Chester Road,City of London,Gloucestershire,United Kingdom,W7 0TS,80.1356,130.8169,-7:00,Mountain Time (US & Canada),1959-07-15T20:48:52.855Z,63,NINO,ZR 61 33 58 L
male,mahe.bonnet@example.com,FR,Mr,Mahé,Bonnet,3666,Rue Bony,Le Havre,Lot-et-Garonne,France,44054,-25.2261,-111.8902,+8:00,"Beijing, Perth, Singapore, Hong Kong",1974-07-17T09:55:53.902Z,48,INSEE,1NNaN93881532 55
male,aldo.salewski@example.com,DE,Mr,Aldo,Salewski,3329,Feldstraße,Lößnitz,Brandenburg,Germany,88322,-64.6355,5.8909,+3:30,Tehran,1959-09-20T06:56:03.181Z,63,,
male,erkan.romer@example.com,DE,Mr,Erkan,Römer,2831,Jahnstraße,Bürgel,Sachsen,Germany,52977,-66.5580,-174.0842,-3:00,"Brazil, Buenos Aires, Georgetown",1983-11-23T21:26:49.310Z,39,,
male,philip.schnitzler@example.com,DE,Mr,Philip,Schnitzler,7384,Bergstraße,Maulbronn,Saarland,Germany,22313,-58.2410,153.0304,-4:00,"Atlantic Time (Canada), Caracas, La Paz",1965-05-27T14:06:28.985Z,57,,
male,derek.gordon@example.com,GB,Mr,Derek,Gordon,4886,Grove Road,Hereford,Avon,United Kingdom,GY74 7AE,-64.6535,-59.3866,+11:00,"Magadan, Solomon Islands, New Caledonia",1977-10-21T21:22:24.609Z,45,NINO,EN 16 71 96 G
male,marius.christensen@example.com,DK,Mr,Marius,Christensen,2053,Birkevej,København Sv,Nordjylland,Denmark,25426,-62.3202,-85.1549,+5:45,Kathmandu,1980-01-23T13:43:52.747Z,42,CPR,230180-8730
male,lyam.brun@example.com,FR,Mr,Lyam,Brun,6738,Rue de L'Abbaye,Vitry-sur-Seine,Martinique,France,56129,-65.7569,148.0505,+9:30,"Adelaide, Darwin",1967-01-14T17:50:44.230Z,55,INSEE,1NNaN08181041 51
female,ida.andersen@example.com,DK,Miss,Ida,Andersen,7522,Tyttebærvej,Århus C.,Midtjylland,Denmark,92637,18.6255,-34.5300,+5:30,"Bombay, Calcutta, Madras, New Delhi",1995-11-12T19:05:12.038Z,27,CPR,121195-0736
male,janus.siemers@example.com,DE,Mr,Janus,Siemers,9624,Kirchstraße,Oberwesel,Brandenburg,Germany,12484,74.7344,13.9118,+8:00,"Beijing, Perth, Singapore, Hong Kong",1964-10-18T17:47:33.334Z,58,,
female,anna.garnier@example.com,FR,Ms,Anna,Garnier,1725,Rue Pierre-Delore,Rouen,Saône-et-Loire,France,78661,0.9081,67.2978,-7:00,Mountain Time (US & Canada),1995-01-24T16:14:20.863Z,27,INSEE,2NNaN55274339 87
male,logan.dumas@example.com,FR,Mr,Logan,Dumas,6853,Rue Jean-Baldassini,Rennes,Côtes-D'Armor,France,75680,-84.1372,33.3229,-5:00,"Eastern Time (US & Canada), Bogota, Lima",1974-09-13T17:57:25.100Z,48,INSEE,1NNaN64116744 16
female,coline.leroux@example.com,FR,Ms,Coline,Leroux,7257,Rue Louis-Garrand,Mulhouse,Creuse,France,47556,61.9617,113.5893,0:00,"Western Europe Time, London, Lisbon, Casablanca",1995-09-09T23:47:32.978Z,27,INSEE,2NNaN60290589 94
male,thomas.nguyen@example.com,FR,Mr,Thomas,Nguyen,1427,Rue de la Charité,Fort-de-France,Cantal,France,46602,50.8331,-16.9431,-11:00,"Midway Island, Samoa",1967-01-22T00:20:48.107Z,55,INSEE,1NNaN73612003 96
male,mikkel.christensen@example.com,DK,Mr,Mikkel,Christensen,6133,Spurvevej,Randers Nø,Syddanmark,Denmark,71205,-34.9510,163.1000,+9:30,"Adelaide, Darwin",1991-10-11T06:30:56.898Z,31,CPR,111091-5881
male,tim.moulin@example.com,FR,Mr,Tim,Moulin,7566,Rue des Chartreux,Dijon,Ille-et-Vilaine,France,85897,53.7936,-136.5897,-12:00,"Eniwetok, Kwajalein",1969-03-20T18:31:09.316Z,53,INSEE,1NNaN64595502 05
male,dylan.berry@example.com,GB,Mr,Dylan,Berry,5380,Rectory Lane,Lichfield,West Glamorgan,United Kingdom,TO7B 6FJ,37.4962,-109.6306,+2:00,"Kaliningrad, South Africa",1973-01-14T13:09:16.597Z,49,NINO,KS 06 47 20 A
male,alex.andre@example.com,FR,Mr,Alex,Andre,6337,Rue de L'Église,Clermont-Ferrand,Yvelines,France,16916,-57.0785,-56.1519,+5:45,Kathmandu,1993-04-22T11:34:53.839Z,29,INSEE,1NNaN60515393 96
female,leana.henry@example.com,FR,Miss,Leana,Henry,5049,Place de L'Église,Mulhouse,Aisne,France,40742,-10.4994,156.6422,+4:00,"Abu Dhabi, Muscat, Baku, Tbilisi",1973-12-17T04:00:09.206Z,49,INSEE,2NNaN25018597 41
female,annerose.meise@example.com,DE,Miss,Annerose,Meise,4168,Berliner Straße,Geyer,Sachsen-Anhalt,Germany,84542,49.9443,-75.2903,+5:00,"Ekaterinburg, Islamabad, Karachi, Tashkent",1992-07-12T04:30:57.067Z,30,,
female,eva.barnett@example.com,GB,Miss,Eva,Barnett,667,Park Lane,Plymouth,Leicestershire,United Kingdom,T66 4JY,-11.0938,43.9789,+11:00,"Magadan, Solomon Islands, New Caledonia",1998-07-21T03:21:35.768Z,24,NINO,AE 26 31 78 R
male,herbert.little@example.com,GB,Mr,Herbert,Little,5885,Bridge Road,Manchester,Rutland,United Kingdom,Y87 8PZ,33.5789,-97.6276,-5:00,"Eastern Time (US & Canada), Bogota, Lima",1970-09-28T01:35:41.664Z,52,NINO,JJ 53 96 94 S
female,karola.edler@example.com,DE,Miss,Karola,Edler,6829,Kirchplatz,Oberriexingen,Berlin,Germany,69105,57.5401,-135.5199,+7:00,"Bangkok, Hanoi, Jakarta",1966-05-18T06:07:11.539Z,56,,
female,vanessa.hopkins@example.com,GB,Ms,Vanessa,Hopkins,3993,School Lane,Stoke-on-Trent,East Sussex,United Kingdom,AW47 7RN,-23.3143,-121.5471,+10:00,"Eastern Australia, Guam, Vladivostok",1967-04-12T19:30:54.566Z,55,NINO,XH 23 91 55 Z
female,amanda.bretschneider@example.com,DE,Miss,Amanda,Bretschneider,6673,Kirchweg,Sulzburg,Berlin,Germany,65134,50.4553,60.0031,-2:00,Mid-Atlantic,1954-05-19T22:15:19.390Z,68,,
female,romane.robin@example.com,FR,Ms,Romane,Robin,327,Avenue Debrousse,Rennes,Cher,France,84516,48.8432,-86.0576,-4:00,"Atlantic Time (Canada), Caracas, La Paz",1954-11-19T14:38:15.837Z,68,INSEE,2NNaN26445954 71
male,leonard.hill@example.com,GB,Mr,Leonard,Hill,20,Queen Street,Birmingham,Central,United Kingdom,R4 5RG,72.4152,148.2861,+5:00,"Ekaterinburg, Islamabad, Karachi, Tashkent",1983-07-21T10:11:58.250Z,39,NINO,WX 85 47 08 N
male,leon.bertrand@example.com,FR,Mr,Léon,Bertrand,5170,Rue Dubois,Nantes,Calvados,France,98068,-56.2153,-10.3537,-2:00,Mid-Atlantic,1988-03-16T09:30:22.189Z,34,INSEE,1NNaN48338702 53
male,bernd.schaar@example.com,DE,Mr,Bernd,Schaar,2033,Birkenstraße,Zeven,Thüringen,Germany,87090,19.3385,-119.0628,+2:00,"Kaliningrad, South Africa",1954-03-02T11:36:26.501Z,68,,
female,maeva.david@example.com,FR,Ms,Maëva,David,3504,Place de L'Église,Tours,Haute-Marne,France,56824,61.2239,110.1636,+9:30,"Adelaide, Darwin",1975-02-04T07:43:58.499Z,47,INSEE,2NNaN80243595 32
male,matthieu.bertrand@example.com,FR,Mr,Matthieu,Bertrand,3956,Rue Abel,Le Mans,Meuse,France,43189,38.5532,-108.8132,+6:00,"Almaty, Dhaka, Colombo",1992-09-27T10:36:35.856Z,30,INSEE,1NNaN75798831 62
male,baptiste.fernandez@example.com,FR,Mr,Baptiste,Fernandez,6778,Place de la Mairie,Nancy,Pyrénées-Atlantiques,France,28861,74.4124,-83.9459,+4:30,Kabul,1959-04-19T22:48:58.313Z,63,INSEE,1NNaN76043475 23
female,enora.fontai@example.com,FR,Miss,Enora,Fontai,502,Rue Pierre-Delore,Grenoble,Territoire De Belfort,France,61060,86.2649,49.1012,+4:00,"Abu Dhabi, Muscat, Baku, Tbilisi",1980-02-08T20:02:21.562Z,42,INSEE,2NNaN98262439 34
male,daniel.larsen@example.com,DK,Mr,Daniel,Larsen,3503,Enggårdsvej,Snertinge,Midtjylland,Denmark,68561,-18.3851,-56.0106,+8:00,"Beijing, Perth, Singapore, Hong Kong",1963-09-05T23:32:43.745Z,59,CPR,050963-1138
male,mario.williamson@example.com,GB,Mr,Mario,Williamson,7964,Alexander Road,Bangor,Leicestershire,United Kingdom,AZ52 3NP,-87.6492,119.8411,+6:00,"Almaty, Dhaka, Colombo",1976-11-05T05:20:31.249Z,46,NINO,TX 99 15 78 R
male,fritz.wittek@example.com,DE,Mr,Fritz,Wittek,4675,Mühlweg,Kleve,Saarland,Germany,71924,-29.6096,1.2735,-11:00,"Midway Island, Samoa",1976-05-31T01:08:44.375Z,46,,
male,russell.gutierrez@example.com,GB,Mr,Russell,Gutierrez,6000,Kingsway,Lincoln,Dumfries and Galloway,United Kingdom,S35 3ZU,-51.2188,118.4507,+5:30,"Bombay, Calcutta, Madras, New Delhi",1994-08-20T03:38:41.678Z,28,NINO,EW 97 98 73 T
female,sofie.jorgensen@example.com,DK,Miss,Sofie,Jørgensen,7089,Bøgebakken,København S,Danmark,Denmark,62498,23.3844,-89.0434,0:00,"Western Europe Time, London, Lisbon, Casablanca",1993-05-13T03:45:58.058Z,29,CPR,130593-4262
male,michael.craig@example.com,GB,Mr,Michael,Craig,6950,North Road,Stoke-on-Trent,County Down,United Kingdom,MG70 8SF,-49.3672,124.0390,+8:00,"Beijing, Perth, Singapore, Hong Kong",1957-01-21T15:30:39.680Z,65,NINO,TH 97 33 47 O
male,eduardo.walker@example.com,GB,Mr,Eduardo,Walker,7435,Highfield Road,Wells,Hertfordshire,United Kingdom,UZ99 2YA,34.8067,-39.8647,+2:00,"Kaliningrad, South Africa",1963-07-15T00:46:50.917Z,59,NINO,XC 62 59 36 J
male,tiago.gautier@example.com,FR,Mr,Tiago,Gautier,7705,Boulevard de Balmont,Aulnay-sous-Bois,Dordogne,France,72075,78.1968,36.4351,-2:00,Mid-Atlantic,1971-12-31T04:19:50.710Z,51,INSEE,1NNaN07853784 87
female,andrea.fleming@example.com,GB,Miss,Andrea,Fleming,2181,Victoria Street,Worcester,Hampshire,United Kingdom,UB33 6TS,23.5318,-127.3205,+10:00,"Eastern Australia, Guam, Vladivostok",1976-04-06T21:22:38.880Z,46,NINO,HX 83 22 98 R
male,philip.wilhelm@example.com,DE,Mr,Philip,Wilhelm,5922,Waldstraße,Eschershausen,Saarland,Germany,13122,-14.4198,-116.3674,+2:00,"Kaliningrad, South Africa",1966-01-12T08:30:35.534Z,56,,
male,pablo.marie@example.com,FR,Mr,Pablo,Marie,4098,Rue Dugas-Montbel,Perpignan,Var,France,75207,-2.2935,-138.3742,+4:30,Kabul,1944-11-21T12:03:57.936Z,78,INSEE,1NNaN45003524 26
male,harry.ruhle@example.com,DE,Mr,Harry,Rühle,3167,Schützenstraße,Bad Fallingbostel,Berlin,Germany,59843,-31.9497,59.5456,+4:00,"Abu Dhabi, Muscat, Baku, Tbilisi",1971-06-18T13:47:35.683Z,51,,
female,dorothea.rohr@example.com,DE,Mrs,Dorothea,Röhr,8068,Schützenstraße,Bad Kötzting,Mecklenburg-Vorpommern,Germany,84911,30.7874,128.4301,-9:00,Alaska,1971-07-20T07:32:48.630Z,51,,
male,robin.pierre@example.com,FR,Mr,Robin,Pierre,8455,Avenue Paul Eluard,Nice,Isère,France,64111,-81.6337,-113.7945,+8:00,"Beijing, Perth, Singapore, Hong Kong",1947-02-05T16:04:28.213Z,75,INSEE,1NNaN08902637 81
male,dorian.meyer@example.com,FR,Mr,Dorian,Meyer,2304,Montée Saint-Barthélémy,Nanterre,Val-D'Oise,France,44347,-14.1088,-106.2215,-10:00,Hawaii,1974-08-11T23:54:23.161Z,48,INSEE,1NNaN22889088 83
female,vicky.hoffman@example.com,GB,Mrs,Vicky,Hoffman,8971,Stanley Road,Wolverhampton,Leicestershire,United Kingdom,KZ7 6DU,73.0698,10.2044,-11:00,"Midway Island, Samoa",1959-05-17T07:47:26.877Z,63,NINO,HS 93 25 46 Q
male,christopher.knabe@example.com,DE,Mr,Christopher,Knabe,2103,Tulpenweg,Zeven,Rheinland-Pfalz,Germany,68922,-0.3030,48.2041,+8:00,"Beijing, Perth, Singapore, Hong Kong",1995-01-20T06:18:55.733Z,27,,
female,nina.barbier@example.com,FR,Miss,Nina,Barbier,1372,Rue du 8 Mai 1945,Brest,Territoire De Belfort,France,69079,82.6231,88.2162,+11:00,"Magadan, Solomon Islands, New Caledonia",1956-10-22T22:54:26.552Z,66,INSEE,2NNaN90665636 23
male,leandro.philippe@example.com,FR,Mr,Léandro,Philippe,7365,Rue Pasteur,Besançon,Rhône,France,47696,4.0242,177.8451,-3:30,Newfoundland,1994-07-17T21:41:54.098Z,28,INSEE,1NNaN10183281 77
female,kristina.heise@example.com,DE,Miss,Kristina,Heise,4809,Uhlandstraße,Schalkau,Hamburg,Germany,18069,82.4441,-66.5101,+4:00,"Abu Dhabi, Muscat, Baku, Tbilisi",1995-11-06T23:43:19.240Z,27,,
male,kasper.larsen@example.com,DK,Mr,Kasper,Larsen,2271,Bjerrevej,Roedovre,Hovedstaden,Denmark,66913,-10.6037,-73.5411,+5:45,Kathmandu,1990-05-13T07:01:57.710Z,32,CPR,130590-2949
female,kim.graves@example.com,GB,Mrs,Kim,Graves,5385,Oaks Cross,Canterbury,Buckinghamshire,United Kingdom,K3A 0GP,81.2041,114.5996,+5:30,"Bombay, Calcutta, Madras, New Delhi",1957-01-15T01:33:47.841Z,65,NINO,XB 36 61 51 L
female,ellie.carlson@example.com,GB,Ms,Ellie,Carlson,7643,High Street,Winchester,Buckinghamshire,United Kingdom,KJ6 0HH,64.7975,-45.1494,-5:00,"Eastern Time (US & Canada), Bogota, Lima",1960-02-12T19:16:13.647Z,62,NINO,MG 85 47 57 U
female,alberte.kristensen@example.com,DK,Mrs,Alberte,Kristensen,2907,Poppelvænget,Fredeikssund,Sjælland,Denmark,66046,-33.1342,151.7212,+1:00,"Brussels, Copenhagen, Madrid, Paris",1951-07-18T00:44:50.678Z,71,CPR,180751-3646
male,jake.butler@example.com,GB,Mr,Jake,Butler,3329,Mill Road,Belfast,Somerset,United Kingdom,R2W 2FZ,6.4646,-108.4256,-1:00,"Azores, Cape Verde Islands",1961-05-25T07:29:59.410Z,61,NINO,NM 30 12 26 H
female,olivia.olsen@example.com,DK,Ms,Olivia,Olsen,3381,Haveforeningen Rønhøjgård,Bælum,Hovedstaden,Denmark,98802,-26.4642,150.2845,-7:00,Mountain Time (US & Canada),1996-12-06T07:17:42.633Z,26,CPR,061296-4150
male,timothe.jean@example.com,FR,Mr,Timothe,Jean,4234,Rue des Chartreux,Boulogne-Billancourt,Charente-Maritime,France,99531,77.2170,58.7195,+7:00,"Bangkok, Hanoi, Jakarta",1965-10-17T18:27:52.772Z,57,INSEE,1NNaN68722342 26
male,bertram.rasmussen@example.com,DK,Mr,Bertram,Rasmussen,8161,Rugmarken,Hurup Thy,Midtjylland,Denmark,22137,45.3824,-126.8160,+10:00,"Eastern Australia, Guam, Vladivostok",1952-02-13T08:36:43.819Z,70,CPR,130252-6830
female,elisa.caron@example.com,FR,Mrs,Elisa,Caron,2672,Rue de L'Abbé-Migne,Rueil-Malmaison,Sarthe,France,90178,63.0294,71.6863,+3:30,Tehran,1952-10-09T16:42:27.240Z,70,INSEE,2NNaN10150224 47
female,astrid.madsen@example.com,DK,Mrs,Astrid,Madsen,4622,Drosselvænget,Frederiksberg,Midtjylland,Denmark,36870,-72.1528,-160.6223,0:00,"Western Europe Time, London, Lisbon, Casablanca",1963-11-26T00:49:51.776Z,59,CPR,261163-4091
female,leah.grant@example.com,GB,Miss,Leah,Grant,8735,The Avenue,Bristol,North Yorkshire,United Kingdom,D8 3PJ,17.6306,-76.7895,+9:30,"Adelaide, Darwin",1960-03-26T23:20:17.085Z,62,NINO,HP 14 65 61 L
male,robin.guillot@example.com,FR,Mr,Robin,Guillot,8773,Rue des Jardins,Nîmes,Hautes-Alpes,France,72807,27.3686,136.8254,-9:00,Alaska,1977-09-04T23:45:24.548Z,45,INSEE,1NNaN27712641 50
male,nikolaj.kristensen@example.com,DK,Mr,Nikolaj,Kristensen,1322,Gefionsvej,Ishoej,Danmark,Denmark,46137,-36.1848,132.2183,-4:00,"Atlantic Time (Canada), Caracas, La Paz",1964-01-11T14:09:50.378Z,58,CPR,110164-8751
female,karla.schmalz@example.com,DE,Miss,Karla,Schmalz,7755,Schillerstraße,Furth im Wald,Sachsen,Germany,10198,-46.9912,148.4819,+11:00,"Magadan, Solomon Islands, New Caledonia",1966-05-23T15:15:52.945Z,56,,
male,felix.johansen@example.com,DK,Mr,Felix,Johansen,3343,Enghavevej,Bælum,Sjælland,Denmark,52656,-21.1953,-128.6741,-1:00,"Azores, Cape Verde Islands",1959-06-18T22:44:54.809Z,63,CPR,180659-7639
male,curtis.reynolds@example.com,GB,Mr,Curtis,Reynolds,7666,Manor Road,Plymouth,Dorset,United Kingdom,G44 0PE,-13.2010,58.7640,+2:00,"Kaliningrad, South Africa",1952-07-01T03:21:26.569Z,70,NINO,YJ 59 92 17 N
female,celia.guillot@example.com,FR,Mrs,Célia,Guillot,4833,Avenue Jean-Jaurès,Argenteuil,Meurthe-et-Moselle,France,19393,-18.1254,51.3947,-5:00,"Eastern Time (US & Canada), Bogota, Lima",1951-02-24T03:38:02.682Z,71,INSEE,2NNaN86256862 42
female,cilli.burkard@example.com,DE,Miss,Cilli,Burkard,2624,Dorfstraße,Kandel,Thüringen,Germany,67597,74.7941,112.9623,+8:00,"Beijing, Perth, Singapore, Hong Kong",1948-10-31T20:16:18.518Z,74,,
male,anton.madsen@example.com,DK,Mr,Anton,Madsen,2701,Hybenhaven,Aarhus,Hovedstaden,Denmark,88024,-88.0124,-113.7568,+8:00,"Beijing, Perth, Singapore, Hong Kong",1982-11-05T04:54:52.427Z,40,CPR,051182-8814
female,peggy.zollner@example.com,DE,Miss,Peggy,Zöllner,4889,Dorfstraße,Viernheim,Brandenburg,Germany,14128,49.6594,-138.0342,-2:00,Mid-Atlantic,1952-04-28T05:50:05.030Z,70,,
female,regina.bitter@example.com,DE,Miss,Regina,Bitter,4328,Schulstraße,Herne,Sachsen,Germany,12095,-83.5616,-1.3792,-3:00,"Brazil, Buenos Aires, Georgetown",1978-10-09T06:50:55.094Z,44,,
female,zoe.moulin@example.com,FR,Mrs,Zoé,Moulin,9657,Rue Bony,Champigny-sur-Marne,Vaucluse,France,35726,-57.2353,34.8458,-9:00,Alaska,1955-07-31T09:45:44.318Z,67,INSEE,2NNaN10018083 40
female,silja.hansel@example.com,DE,Miss,Silja,Hänsel,2216,Feldstraße,Mainz-Bingen,Niedersachsen,Germany,91479,49.3179,86.7177,+10:00,"Eastern Australia, Guam, Vladivostok",1962-08-15T15:00:37.191Z,60,,
male,karl-otto.staudt@example.com,DE,Mr,Karl-Otto,Staudt,1935,Hauptstraße,Müllheim,Nordrhein-Westfalen,Germany,37985,44.8519,-169.3905,+3:00,"Baghdad, Riyadh, Moscow, St. Petersburg",1970-04-25T06:11:42.475Z,52,,
male,guy.newman@example.com,GB,Mr,Guy,Newman,8070,North Road,Southampton,Cornwall,United Kingdom,CW21 4LL,-57.6456,-108.3318,-6:00,"Central Time (US & Canada), Mexico City",1966-12-20T01:40:47.637Z,56,NINO,BW 94 52 46 D
female,selma.jorgensen@example.com,DK,Miss,Selma,Jørgensen,4875,Islandsvej,Frederiksberg,Hovedstaden,Denmark,61890,-14.6440,51.8585,+5:30,"Bombay, Calcutta, Madras, New Delhi",1965-02-09T11:23:08.177Z,57,CPR,090265-9487
male,ivo.kreuz@example.com,DE,Mr,Ivo,Kreuz,2626,Bahnhofstraße,Wittingen,Schleswig-Holstein,Germany,26429,-83.9447,-22.6636,+6:00,"Almaty, Dhaka, Colombo",1973-05-22T04:10:04.246Z,49,,
female,lyna.nguyen@example.com,FR,Miss,Lyna,Nguyen,7184,Rue de L'Abbaye,Nice,Drôme,France,80956,18.8647,-19.5037,+1:00,"Brussels, Copenhagen, Madrid, Paris",1976-03-09T01:28:01.073Z,46,INSEE,2NNaN37977580 16
male,tim.ulmer@example.com,DE,Mr,Tim,Ulmer,5491,Bergstraße,Wernigerode,Hamburg,Germany,63557,26.7439,74.3264,+11:00,"Magadan, Solomon Islands, New Caledonia",1997-05-17T10:17:07.555Z,25,,
male,mathias.kristensen@example.com,DK,Mr,Mathias,Kristensen,154,Brombærvej,Skaerbaek,Hovedstaden,Denmark,12158,-70.6438,-49.1392,-1:00,"Azores, Cape Verde Islands",1977-10-23T09:30:54.410Z,45,CPR,231077-2917
male,storm.nielsen@example.com,DK,Mr,Storm,Nielsen,8465,Silkeborgvej,Snertinge,Midtjylland,Denmark,96422,82.3824,95.2962,+4:30,Kabul,1951-03-02T01:11:42.290Z,71,CPR,020351-3171
male,leonardo.fox@example.com,DE,Mr,Leonardo,Fox,6096,Berliner Straße,Rendsburg-Eckernförde,Mecklenburg-Vorpommern,Germany,38445,17.3501,64.7439,0:00,"Western Europe Time, London, Lisbon, Casablanca",1964-12-03T11:48:19.670Z,58,,
female,josefine.mortensen@example.com,DK,Mrs,Josefine,Mortensen,9625,Solvangsvej,Sommersted,Midtjylland,Denmark,74047,17.9135,4.0358,+8:00,"Beijing, Perth, Singapore, Hong Kong",1953-11-01T17:30:22.975Z,69,CPR,011153-5656
male,simon.johansen@example.com,DK,Mr,Simon,Johansen,321,Sommervej,Gørløse,Syddanmark,Denmark,37016,-78.9985,124.6048,-11:00,"Midway Island, Samoa",1966-08-11T17:32:29.863Z,56,CPR,110866-8643
male,bernd-dieter.giesen@example.com,DE,Mr,Bernd-Dieter,Giesen,9290,Neue Straße,Joachimsthal,Niedersachsen,Germany,95634,62.6613,-100.3049,+9:30,"Adelaide, Darwin",1970-02-25T05:01:49.776Z,52,,
male,arian.stolle@example.com,DE,Mr,Arian,Stolle,8357,Industriestraße,Augsburg,Bayern,Germany,88382,44.7880,-57.9466,+11:00,"Magadan, Solomon Islands, New Caledonia",1989-06-22T01:07:30.059Z,33,,
female,suzanne.phillips@example.com,GB,Ms,Suzanne,Phillips,7774,Oaks Cross,Carlisle,Worcestershire,United Kingdom,N8K 8RU,-55.3849,34.3615,-3:00,"Brazil, Buenos Aires, Georgetown",1948-04-23T09:58:42.289Z,74,NINO,KC 92 17 64 X
male,gordon.willis@example.com,GB,Mr,Gordon,Willis,3544,Springfield Road,Norwich,Warwickshire,United Kingdom,YA0U 7WJ,31.3666,-138.8376,-1:00,"Azores, Cape Verde Islands",1968-09-01T15:53:04.230Z,54,NINO,OZ 73 06 37 M
female,isabella.olsen@example.com,DK,Ms,Isabella,Olsen,384,Enebærvej,Samsø,Hovedstaden,Denmark,79688,63.8834,125.0271,+1:00,"Brussels, Copenhagen, Madrid, Paris",1975-10-29T19:48:56.146Z,47,CPR,291075-7024
male,thomas.goring@example.com,DE,Mr,Thomas,Göring,4116,Feldstraße,Zwenkau,Mecklenburg-Vorpommern,Germany,17689,-57.3616,35.4375,-10:00,Hawaii,1977-07-25T10:43:42.559Z,45,,
male,marion.young@example.com,GB,Mr,Marion,Young,3348,The Grove,Worcester,County Down,United Kingdom,GU75 8SB,-2.9636,-42.4433,-5:00,"Eastern Time (US & Canada), Bogota, Lima",1976-04-24T02:18:31.182Z,46,NINO,GL 40 76 38 T
male,andrew.wehner@example.com,DE,Mr,Andrew,Wehner,6023,Schillerstraße,Mühldorf am Inn,Berlin,Germany,38425,-64.8543,-9.8964,+10:00,"Eastern Australia, Guam, Vladivostok",1947-04-03T01:15:27.957Z,75,,
male,rasmus.hansen@example.com,DK,Mr,Rasmus,Hansen,9327,Færøvej,Tisvilde,Sjælland,Denmark,82523,-69.3409,31.7384,+3:00,"Baghdad, Riyadh, Moscow, St. Petersburg",1995-07-09T11:24:13.298Z,27,CPR,090795-5590
male,corentin.lucas@example.com,FR,Mr,Corentin,Lucas,9334,Rue de Gerland,Amiens,Corse-du-Sud,France,75771,85.9659,-143.4532,-5:00,"Eastern Time (US & Canada), Bogota, Lima",1971-03-23T06:38:54.514Z,51,INSEE,1NNaN44117217 41
male,tibor.riese@example.com,DE,Mr,Tibor,Riese,9973,Rosenstraße,Hohen Neuendorf,Bayern,Germany,98510,61.4744,29.4648,+9:00,"Tokyo, Seoul, Osaka, Sapporo, Yakutsk",1962-04-12T18:16:26.648Z,60,,
female,scarlett.kennedy@example.com,GB,Miss,Scarlett,Kennedy,6039,Kingsway,Newport,West Midlands,United Kingdom,EF1Z 0GX,-39.0450,-14.3866,+7:00,"Bangkok, Hanoi, Jakarta",1950-01-31T22:50:36.998Z,72,NINO,KP 26 31 65 O
female,celestine.olivier@example.com,FR,Miss,Celestine,Olivier,7457,Rue Pierre-Delore,Le Mans,Indre-et-Loire,France,82548,61.4287,-25.6276,+3:00,"Baghdad, Riyadh, Moscow, St. Petersburg",1966-01-03T11:31:16.848Z,56,INSEE,2NNaN55208322 72
male,allan.dean@example.com,GB,Mr,Allan,Dean,7490,Church Street,Kingston upon Hull,Borders,United Kingdom,JC7D 1FH,-78.3900,133.8100,+2:00,"Kaliningrad, South Africa",1968-05-30T20:37:16.786Z,54,NINO,CW 47 07 00 T
female,johanne.larsen@example.com,DK,Ms,Johanne,Larsen,4109,Skanderborgvej,Nørrebro,Nordjylland,Denmark,89445,-9.4445,109.5775,-11:00,"Midway Island, Samoa",1956-05-07T12:06:24.501Z,66,CPR,070556-5043
female,valentina.gerard@example.com,FR,Mrs,Valentina,Gerard,5394,Rue de la Gare,Bordeaux,Hautes-Alpes,France,64485,79.5553,73.1616,+3:30,Tehran,1990-08-22T09:06:50.614Z,32,INSEE,2NNaN80811208 00
female,rachel.griffin@example.com,GB,Miss,Rachel,Griffin,1956,Main Street,Durham,Tyne and Wear,United Kingdom,MC2G 0BP,44.5261,-106.0898,0:00,"Western Europe Time, London, Lisbon, Casablanca",1979-03-01T12:48:57.818Z,43,NINO,RN 07 05 60 D
male,diego.fleury@example.com,FR,Mr,Diego,Fleury,9071,Rue de L'Abbé-Patureau,Argenteuil,Loiret,France,86196,-12.4079,-150.6275,+9:30,"Adelaide, Darwin",1983-04-26T14:32:37.337Z,39,INSEE,1NNaN99466815 36
female,hanne-lore.beyer@example.com,DE,Mrs,Hanne-Lore,Beyer,6301,Hauptstraße,Teuschnitz,Sachsen,Germany,46215,-7.1778,81.4538,-10:00,Hawaii,1977-09-27T22:23:46.946Z,45,,
female,lylou.leroy@example.com,FR,Miss,Lylou,Leroy,2622,Avenue du Fort-Caire,Amiens,Haute-Marne,France,19151,45.4074,141.7392,+11:00,"Magadan, Solomon Islands, New Caledonia",1992-03-31T15:56:26.855Z,30,INSEE,2NNaN43144711 00
female,emma.chavez@example.com,GB,Mrs,Emma,Chavez,6722,Queen Street,City of London,County Armagh,United Kingdom,S3 5JF,27.0224,57.2256,+4:30,Kabul,1957-12-13T12:19:03.425Z,65,NINO,HH 70 67 49 G
female,nicoline.nielsen@example.com,DK,Ms,Nicoline,Nielsen,7875,Venusvej,Odense Sv,Syddanmark,Denmark,19042,65.1398,-77.7804,-2:00,Mid-Atlantic,1947-01-13T08:17:06.867Z,75,CPR,130147-3849
male,zachary.hopkins@example.com,GB,Mr,Zachary,Hopkins,7573,Main Street,Sunderland,Strathclyde,United Kingdom,L51 6HF,85.9062,156.7417,-1:00,"Azores, Cape Verde Islands",1991-12-12T21:16:34.598Z,31,NINO,CK 53 68 04 F
male,lorenzo.lucas@example.com,FR,Mr,Lorenzo,Lucas,3466,Avenue de l'Abbé-Roussel,Courbevoie,Haute-Savoie,France,24631,-18.5443,149.2860,0:00,"Western Europe Time, London, Lisbon, Casablanca",1990-04-15T17:53:51.043Z,32,INSEE,1NNaN10573728 74
male,bryan.taylor@example.com,GB,Mr,Bryan,Taylor,8599,Brick Kiln Road,Hereford,Dyfed,United Kingdom,A21 1PQ,64.7543,81.8880,+4:30,Kabul,1995-06-28T00:20:26.654Z,27,NINO,CX 13 49 08 H
female,agnes.piel@example.com,DE,Miss,Agnes,Piel,264,Waldweg,Plauen,Sachsen,Germany,42777,-14.8865,-130.6520,+7:00,"Bangkok, Hanoi, Jakarta",1987-10-03T12:17:49.239Z,35,,
male,silas.larsen@example.com,DK,Mr,Silas,Larsen,3142,Fyrrelunden,København V,Hovedstaden,Denmark,30909,35.7773,-171.2010,-7:00,Mountain Time (US & Canada),1973-01-22T19:24:20.713Z,49,CPR,220173-2383
female,susan.bowman@example.com,GB,Mrs,Susan,Bowman,3354,West Street,Bristol,West Sussex,United Kingdom,OG6L 7HN,82.1126,73.1788,-12:00,"Eniwetok, Kwajalein",1948-01-15T14:29:35.156Z,74,NINO,ZZ 46 33 38 Q
female,maelle.legrand@example.com,FR,Mrs,Maëlle,Legrand,176,Rue des Chartreux,Créteil,Yvelines,France,22091,73.7307,40.7900,+9:00,"Tokyo, Seoul, Osaka, Sapporo, Yakutsk",1949-04-27T13:51:54.109Z,73,INSEE,2NNaN41009677 80
female,selma.rasmussen@example.com,DK,Mrs,Selma,Rasmussen,2161,Havevej,Stenderup,Nordjylland,Denmark,47658,-17.2987,-131.6013,+4:30,Kabul,1946-02-13T23:46:18.530Z,76,CPR,130246-4185
female,olivia.johansen@example.com,DK,Miss,Olivia,Johansen,6333,Gasværksvej,Viby J.,Midtjylland,Denmark,28024,-9.4419,108.0265,+5:00,"Ekaterinburg, Islamabad, Karachi, Tashkent",1948-02-18T01:54:09.992Z,74,CPR,180248-1829
female,ayse.stemmer@example.com,DE,Mrs,Ayse,Stemmer,5310,Tulpenweg,Edenkoben,Hamburg,Germany,78929,34.8968,-12.8166,+11:00,"Magadan, Solomon Islands, New Caledonia",1949-08-08T19:07:05.121Z,73,,
female,alex.curtis@example.com,GB,Miss,Alex,Curtis,7734,Victoria Road,Newport,Bedfordshire,United Kingdom,P8J 7TZ,-83.1760,138.8587,+2:00,"Kaliningrad, South Africa",1950-12-24T09:47:19.742Z,72,NINO,KA 21 94 70 I
male,dennis.harrison@example.com,GB,Mr,Dennis,Harrison,3077,Albert Road,Southampton,Devon,United Kingdom,H0 1BN,33.2044,-156.2381,-11:00,"Midway Island, Samoa",1993-12-26T13:26:59.536Z,29,NINO,GG 56 44 79 A
male,byron.armstrong@example.com,GB,Mr,Byron,Armstrong,6679,North Street,St Albans,Avon,United Kingdom,A0 7DP,82.3608,-179.9194,+3:30,Tehran,1970-06-12T02:08:39.837Z,52,NINO,SJ 09 58 02 A
male,walter.alexander@example.com,GB,Mr,Walter,Alexander,2500,The Avenue,Chichester,Merseyside,United Kingdom,T5 1SG,0.8833,-90.5446,-10:00,Hawaii,1959-02-16T00:29:12.883Z,63,NINO,AC 98 95 06 P
female,alma.johansen@example.com,DK,Mrs,Alma,Johansen,3397,Hans Egedes Vej,Argerskov,Danmark,Denmark,92877,-11.1693,-27.4982,-9:00,Alaska,1979-06-15T14:12:03.320Z,43,CPR,150679-3864
female,giuseppina.lambert@example.com,DE,Ms,Giuseppina,Lambert,1051,Kirchweg,Meßkirch,Thüringen,Germany,60840,-31.0645,62.3619,+11:00,"Magadan, Solomon Islands, New Caledonia",1986-12-17T06:37:57.276Z,36,,
female,edeltraud.henrichs@example.com,DE,Ms,Edeltraud,Henrichs,9142,Goethestraße,Hof,Sachsen,Germany,19684,28.4526,28.2510,+2:00,"Kaliningrad, South Africa",1950-02-02T10:21:47.358Z,72,,
male,malthe.mortensen@example.com,DK,Mr,Malthe,Mortensen,7285,Fynsgade,Viby J.,Syddanmark,Denmark,69291,8.9489,-67.2931,-4:00,"Atlantic Time (Canada), Caracas, La Paz",1953-07-08T09:07:58.245Z,69,CPR,080753-1678
male,gerald.hildenbrand@example.com,DE,Mr,Gerald,Hildenbrand,9802,Ringstraße,Bockenem,Bremen,Germany,42800,-45.3938,62.0929,+7:00,"Bangkok, Hanoi, Jakarta",1946-03-28T02:05:31.986Z,76,,
male,matthew.burke@example.com,GB,Mr,Matthew,Burke,4231,Fairview Road,Manchester,West Sussex,United Kingdom,XE4P 9RD,81.8163,0.1300,+3:00,"Baghdad, Riyadh, Moscow, St. Petersburg",1959-10-15T20:23:30.612Z,63,NINO,MM 61 29 48 Z
female,katrine.larsen@example.com,DK,Ms,Katrine,Larsen,1980,Skovvejen,Noerre Alslev,Midtjylland,Denmark,73840,-34.5026,-148.5000,+8:00,"Beijing, Perth, Singapore, Hong Kong",1946-10-30T17:11:15.052Z,76,CPR,301046-0784
female,sheryl.reid@example.com,GB,Mrs,Sheryl,Reid,2862,Broadway,Leicester,Bedfordshire,United Kingdom,T7Y 9RL,-32.5869,41.0653,+3:00,"Baghdad, Riyadh, Moscow, St. Petersburg",1958-01-20T11:28:47.366Z,64,NINO,OZ 59 30 34 Z
male,felix.watson@example.com,GB,Mr,Felix,Watson,7269,Kingsway,St Davids,Central,United Kingdom,S7 8GR,14.0178,168.1488,+4:00,"Abu Dhabi, Muscat, Baku, Tbilisi",1990-09-18T04:08:22.267Z,32,NINO,ET 00 27 86 E
female,charlotte.flores@example.com,GB,Ms,Charlotte,Flores,9836,Station Road,Plymouth,Lincolnshire,United Kingdom,H8 0NW,-77.2696,-148.6116,+9:00,"Tokyo, Seoul, Osaka, Sapporo, Yakutsk",1975-09-29T07:36:46.606Z,47,NINO,MP 98 88 92 Z
female,morgane.gaillard@example.com,FR,Mrs,Morgane,Gaillard,385,Rue de L'Abbé-Soulange-Bodin,Amiens,Hautes-Pyrénées,France,79507,-33.8346,-45.3693,+1:00,"Brussels, Copenhagen, Madrid, Paris",1945-04-26T14:30:24.868Z,77,INSEE,2NNaN82993115 43
female,dagmar.hagedorn@example.com,DE,Ms,Dagmar,Hagedorn,6575,Marktplatz,Betzenstein,Nordrhein-Westfalen,Germany,73578,58.2482,-138.8411,+4:00,"Abu Dhabi, Muscat, Baku, Tbilisi",1957-02-10T20:54:33.399Z,65,,
female,alexandra.gonzalez@example.com,FR,Miss,Alexandra,Gonzalez,6754,Rue des Abbesses,Dunkerque,Loire-Atlantique,France,52085,45.7751,-116.7932,+7:00,"Bangkok, Hanoi, Jakarta",1994-10-22T08:06:44.202Z,28,INSEE,2NNaN72448093 82
male,noah.mortensen@example.com,DK,Mr,Noah,Mortensen,1192,Ramsherred,Agerbæk,Sjælland,Denmark,16570,-59.1115,-134.4746,+8:00,"Beijing, Perth, Singapore, Hong Kong",1953-06-04T09:42:11.389Z,69,CPR,040653-0472
female,luzie.keller@example.com,DE,Miss,Luzie,Keller,5128,Kiefernweg,Wipperfürth,Rheinland-Pfalz,Germany,47598,50.0764,78.8734,-12:00,"Eniwetok, Kwajalein",1986-12-03T04:24:11.527Z,36,,
male,mathieu.arnaud@example.com,FR,Mr,Mathieu,Arnaud,2537,Rue Baraban,Saint-Étienne,Eure-et-Loir,France,22071,-56.3012,61.0055,-7:00,Mountain Time (US & Canada),1986-05-30T01:07:13.929Z,36,INSEE,1NNaN85636355 80
male,john.martini@example.com,DE,Mr,John,Martini,1003,Ringstraße,Hennef (Sieg),Sachsen,Germany,18171,17.5868,-130.3286,-10:00,Hawaii,1974-11-03T08:40:39.912Z,48,,
female,justine.philippe@example.com,FR,Mrs,Justine,Philippe,9070,Place du 8 Février 1962,Champigny-sur-Marne,Isère,France,76973,-62.7468,-170.8144,+8:00,"Beijing, Perth, Singapore, Hong Kong",1967-05-19T01:09:31.092Z,55,INSEE,2NNaN94877256 14
male,mille.rasmussen@example.com,DK,Mr,Mille,Rasmussen,7322,Lærkevænget,Stoevring,Danmark,Denmark,13442,-39.7425,-116.6742,-2:00,Mid-Atlantic,1992-02-24T16:25:34.035Z,30,CPR,240292-0449
male,franklin.hunt@example.com,GB,Mr,Franklin,Hunt,6107,Fairview Road,Lichfield,West Sussex,United Kingdom,H72 1NY,37.6872,-101.8260,+10:00,"Eastern Australia, Guam, Vladivostok",1974-12-02T04:15:12.141Z,48,NINO,BY 83 71 94 J
female,maddison.phillips@example.com,GB,Ms,Maddison,Phillips,313,Fairview Road,Newport,Berkshire,United Kingdom,L5I 8WF,-85.6776,-100.9324,-8:00,Pacific Time (US & Canada),1971-03-17T08:52:48.823Z,51,NINO,KX 95 13 43 H
male,hartmut.klassen@example.com,DE,Mr,Hartmut,Klassen,5104,Lindenstraße,Großräschen,Sachsen-Anhalt,Germany,13145,-46.4982,135.0235,+11:00,"Magadan, Solomon Islands, New Caledonia",1951-05-21T17:28:15.783Z,71,,
female,ambre.bonnet@example.com,FR,Miss,Ambre,Bonnet,8048,Rue Louis-Blanqui,Marseille,Ille-et-Vilaine,France,30582,32.0078,-87.1854,-1:00,"Azores, Cape Verde Islands",1963-05-27T02:39:03.438Z,59,INSEE,2NNaN55197076 96
male,lino.roussel@example.com,FR,Mr,Lino,Roussel,8922,Avenue du Fort-Caire,Besançon,Somme,France,80034,68.1789,43.4110,0:00,"Western Europe Time, London, Lisbon, Casablanca",1957-09-14T13:17:00.806Z,65,INSEE,1NNaN67509473 12
female,clara.plum@example.com,DE,Miss,Clara,Plum,8224,Neue Straße,Kalbe (Milde),Saarland,Germany,14117,-30.2526,145.9650,+6:00,"Almaty, Dhaka, Colombo",1953-09-07T16:51:37.865Z,69,,
female,irina.koppl@example.com,DE,Miss,Irina,Köppl,1471,Breslauer Straße,Owen,Schleswig-Holstein,Germany,44808,0.7741,-52.9168,-4:00,"Atlantic Time (Canada), Caracas, La Paz",1994-06-02T15:26:28.197Z,28,,
female,amanda.bailey@example.com,GB,Miss,Amanda,Bailey,4974,Park Avenue,Kingston upon Hull,Highlands and Islands,United Kingdom,N84 3DY,-39.9077,-66.1812,+3:30,Tehran,1977-04-23T09:53:16.210Z,45,NINO,WH 02 28 53 I
male,teo.michel@example.com,FR,Mr,Téo,Michel,1546,Rue Paul-Duvivier,Boulogne-Billancourt,Tarn-et-Garonne,France,14820,-61.3716,-132.9204,+5:45,Kathmandu,1980-07-09T02:12:05.845Z,42,INSEE,1NNaN31330786 32
female,julie.moulin@example.com,FR,Ms,Julie,Moulin,8144,Rue Gasparin,Aubervilliers,Nièvre,France,37592,-50.4616,-65.4745,-7:00,Mountain Time (US & Canada),1972-02-11T03:14:35.731Z,50,INSEE,2NNaN96281947 35
male,klaus-ulrich.coenen@example.com,DE,Mr,Klaus-Ulrich,Coenen,2577,Heideweg,Wolkenstein,Baden-Württemberg,Germany,35583,40.1248,-19.9831,-12:00,"Eniwetok, Kwajalein",1977-12-14T23:03:27.140Z,45,,
female,nadeshda.reim@example.com,DE,Ms,Nadeshda,Reim,9303,Drosselweg,Wörth an der Donau,Thüringen,Germany,90955,-23.0715,138.9546,-9:00,Alaska,1988-08-02T19:56:00.805Z,34,,
male,christoffer.andersen@example.com,DK,Mr,Christoffer,Andersen,407,Teglværksvej,Odense Sv,Nordjylland,Denmark,21194,-19.8075,142.0853,+11:00,"Magadan, Solomon Islands, New Caledonia",1981-11-13T14:00:12.669Z,41,CPR,131181-6721
male,ulrich.kurth@example.com,DE,Mr,Ulrich,Kurth,2941,Eichenweg,Bad Tennstedt,Bayern,Germany,22346,-15.3369,79.2773,-5:00,"Eastern Time (US & Canada), Bogota, Lima",1992-12-10T05:30:51.680Z,30,,
male,lucas.hansen@example.com,GB,Mr,Lucas,Hansen,6936,Main Street,Nottingham,Tyne and Wear,United Kingdom,KM0 3TZ,-56.1638,67.7688,+7:00,"Bangkok, Hanoi, Jakarta",1949-02-19T23:49:52.870Z,73,NINO,YA 44 17 99 R
female,emma.perez@example.com,FR,Mrs,Emma,Perez,3351,Montée Saint-Barthélémy,Strasbourg,Cantal,France,55817,34.2092,-116.4145,-7:00,Mountain Time (US & Canada),1963-05-08T15:45:18.743Z,59,INSEE,2NNaN82753505 26
female,sofia.christiansen@example.com,DK,Mrs,Sofia,Christiansen,3345,Skrænten,Rødvig Stevns,Syddanmark,Denmark,59724,-86.1507,-121.4964,+5:45,Kathmandu,1969-08-30T13:41:35.092Z,53,CPR,300869-7598
female,debbie.black@example.com,GB,Ms,Debbie,Black,5453,The Crescent,Lichfield,Bedfordshire,United Kingdom,ZX8J 3JR,28.7434,-93.7204,+1:00,"Brussels, Copenhagen, Madrid, Paris",1992-04-10T01:13:42.805Z,30,NINO,XG 51 51 60 Z
female,claudia.holzapfel@example.com,DE,Mrs,Claudia,Holzapfel,4105,Kapellenweg,Müllheim,Sachsen-Anhalt,Germany,90725,-26.7068,-54.3357,-5:00,"Eastern Time (US & Canada), Bogota, Lima",1951-09-08T08:04:28.471Z,71,,
male,gustav.jorgensen@example.com,DK,Mr,Gustav,Jørgensen,2137,Nørrevej,Brondby,Sjælland,Denmark,84043,-38.9480,145.5239,+5:30,"Bombay, Calcutta, Madras, New Delhi",1958-12-01T22:47:55.561Z,64,CPR,011258-6687
male,tom.ruhland@example.com,DE,Mr,Tom,Ruhland,2826,Bachstraße,Senden,Hessen,Germany,10078,-69.7021,-91.5610,-5:00,"Eastern Time (US & Canada), Bogota, Lima",1983-11-04T13:58:34.513Z,39,,
male,huseyin.tischer@example.com,DE,Mr,Hüseyin,Tischer,3102,Neue Straße,Nauen,Saarland,Germany,57739,-28.2933,30.4591,+11:00,"Magadan, Solomon Islands, New Caledonia",1947-12-26T04:28:44.495Z,75,,
female,hedy.feld@example.com,DE,Mrs,Hedy,Feld,8378,Rosenweg,Haßberge,Thüringen,Germany,20365,-1.3440,145.2920,+10:00,"Eastern Australia, Guam, Vladivostok",1950-04-20T22:45:12.045Z,72,,
female,aenne.gutjahr@example.com,DE,Mrs,Aenne,Gutjahr,4651,Goethestraße,Ludwigsfelde,Berlin,Germany,65386,-32.9996,57.9950,-7:00,Mountain Time (US & Canada),1988-04-10T05:28:45.573Z,34,,
female,isabella.west@example.com,GB,Mrs,Isabella,West,6642,St. John’S Road,Southampton,Strathclyde,United Kingdom,B98 3SF,82.1533,-92.8878,+10:00,"Eastern Australia, Guam, Vladivostok",1988-06-19T03:20:07.220Z,34,NINO,OP 75 52 30 E
male,stephen.harvey@example.com,GB,Mr,Stephen,Harvey,3801,Manchester Road,Birmingham,Surrey,United Kingdom,H6 4UG,-57.2386,-128.7666,+5:00,"Ekaterinburg, Islamabad, Karachi, Tashkent",1957-12-02T04:41:09.483Z,65,NINO,WA 84 18 93 E
